_id,trimestre,servicio,concepto,operador,tipo_de_trafico,tipo_de_contrato,tecnologia_de_acceso,frecuencia,lineas_o_accesos,estaciones_base,trafico_de_datos,nodos_radio
1,2022T3,Banda Ancha móvil,Líneas,Digi,N/A,Pospago,"4G/4,5G",N/A,1735914.0,,,
2,2022T3,Banda Ancha móvil,Líneas,Digi,N/A,Prepago,"4G/4,5G",N/A,1683864.0,,,
3,2022T3,Banda Ancha móvil,Líneas,Grupo MASMOVIL,N/A,Pospago,"4G/4,5G",N/A,8940422.0,,,
4,2022T3,Banda Ancha móvil,Líneas,Grupo MASMOVIL,N/A,Pospago,5G,N/A,482777.0,,,
5,2022T3,Banda Ancha móvil,Líneas,Grupo MASMOVIL,N/A,Prepago,"4G/4,5G",N/A,1842599.0,,,
6,2022T3,Banda Ancha móvil,Líneas,Movistar,N/A,Pospago,"4G/4,5G",N/A,10160151.0,,,
7,2022T3,Banda Ancha móvil,Líneas,Movistar,N/A,Pospago,5G,N/A,2359579.0,,,
8,2022T3,Banda Ancha móvil,Líneas,Movistar,N/A,Prepago,"4G/4,5G",N/A,239718.0,,,
9,2022T3,Banda Ancha móvil,Líneas,Orange,N/A,Pospago,"4G/4,5G",N/A,9613084.0,,,
10,2022T3,Banda Ancha móvil,Líneas,Orange,N/A,Pospago,5G,N/A,1162802.0,,,
11,2022T3,Banda Ancha móvil,Líneas,Orange,N/A,Prepago,"4G/4,5G",N/A,1022200.0,,,
12,2022T3,Banda Ancha móvil,Líneas,Orange,N/A,Prepago,5G,N/A,7193.0,,,
13,2022T3,Banda Ancha móvil,Líneas,Resto Operadores,N/A,Pospago,"4G/4,5G",N/A,20951.0,,,
14,2022T3,Banda Ancha móvil,Líneas,Resto Operadores,N/A,Prepago,"4G/4,5G",N/A,14560.0,,,
15,2022T3,Banda Ancha móvil,Líneas,Vodafone,N/A,Pospago,"4G/4,5G",N/A,8242364.0,,,
16,2022T3,Banda Ancha móvil,Líneas,Vodafone,N/A,Pospago,5G,N/A,1669614.0,,,
17,2022T3,Banda Ancha móvil,Líneas,Vodafone,N/A,Prepago,"4G/4,5G",N/A,1672006.0,,,
18,2022T3,Banda Ancha móvil,Líneas,Vodafone,N/A,Prepago,5G,N/A,203341.0,,,
19,2022T3,Banda Ancha móvil,Tráfico - datos,Digi,Nacional,N/A,"4G/4,5G",N/A,,,129186.51,
20,2022T3,Banda Ancha móvil,Tráfico - datos,Digi,Nacional,N/A,Resto tecnologías,N/A,,,9665.37,
21,2022T3,Banda Ancha móvil,Tráfico - datos,Grupo MASMOVIL,Nacional,N/A,"4G/4,5G",N/A,,,262906.71,
22,2022T3,Banda Ancha móvil,Tráfico - datos,Grupo MASMOVIL,Nacional,N/A,5G,N/A,,,2295.41,
23,2022T3,Banda Ancha móvil,Tráfico - datos,Grupo MASMOVIL,Nacional,N/A,Resto tecnologías,N/A,,,43787.03,
24,2022T3,Banda Ancha móvil,Tráfico - datos,Movistar,Nacional,N/A,"4G/4,5G",N/A,,,306784.57,
25,2022T3,Banda Ancha móvil,Tráfico - datos,Movistar,Nacional,N/A,5G,N/A,,,16857.72,
26,2022T3,Banda Ancha móvil,Tráfico - datos,Movistar,Nacional,N/A,Resto tecnologías,N/A,,,14411.68,
27,2022T3,Banda Ancha móvil,Tráfico - datos,Orange,Nacional,N/A,"4G/4,5G",N/A,,,359084.39,
28,2022T3,Banda Ancha móvil,Tráfico - datos,Orange,Nacional,N/A,5G,N/A,,,14677.05,
29,2022T3,Banda Ancha móvil,Tráfico - datos,Orange,Nacional,N/A,Resto tecnologías,N/A,,,29044.42,
30,2022T3,Banda Ancha móvil,Tráfico - datos,Resto Operadores,Nacional,N/A,"4G/4,5G",N/A,,,9798.98,
31,2022T3,Banda Ancha móvil,Tráfico - datos,Resto Operadores,Nacional,N/A,Resto tecnologías,N/A,,,6853.24,
32,2022T3,Banda Ancha móvil,Tráfico - datos,Vodafone,Nacional,N/A,"4G/4,5G",N/A,,,469266.07,
33,2022T3,Banda Ancha móvil,Tráfico - datos,Vodafone,Nacional,N/A,5G,N/A,,,5490.46,
34,2022T3,Banda Ancha móvil,Tráfico - datos,Vodafone,Nacional,N/A,Resto tecnologías,N/A,,,17753.06,
35,2022T3,Red de distribución,Estaciones Base,Grupo MASMOVIL,N/A,N/A,"4G/4,5G",N/A,,5519.0,,
36,2022T3,Red de distribución,Estaciones Base,Grupo MASMOVIL,N/A,N/A,5G,N/A,,98.0,,
37,2022T3,Red de distribución,Estaciones Base,Grupo MASMOVIL,N/A,N/A,Resto tecnologías,N/A,,5174.0,,
38,2022T3,Red de distribución,Estaciones Base,Movistar,N/A,N/A,"4G/4,5G",N/A,,20326.0,,
39,2022T3,Red de distribución,Estaciones Base,Movistar,N/A,N/A,5G,N/A,,5123.0,,
40,2022T3,Red de distribución,Estaciones Base,Movistar,N/A,N/A,Resto tecnologías,N/A,,40064.0,,
41,2022T3,Red de distribución,Estaciones Base,Orange,N/A,N/A,"4G/4,5G",N/A,,17185.0,,
42,2022T3,Red de distribución,Estaciones Base,Orange,N/A,N/A,5G,N/A,,6241.0,,
43,2022T3,Red de distribución,Estaciones Base,Orange,N/A,N/A,Resto tecnologías,N/A,,34958.0,,
44,2022T3,Red de distribución,Estaciones Base,Vodafone,N/A,N/A,"4G/4,5G",N/A,,18623.0,,
45,2022T3,Red de distribución,Estaciones Base,Vodafone,N/A,N/A,5G,N/A,,2745.0,,
46,2022T3,Red de distribución,Estaciones Base,Vodafone,N/A,N/A,Resto tecnologías,N/A,,35238.0,,
47,2022T3,Red de distribución,Nodos,Grupo MASMOVIL,N/A,N/A,5G,"3,5 GHz",,,,98.0
48,2022T3,Red de distribución,Nodos,Movistar,N/A,N/A,5G,2100 MHz,,,,4826.0
49,2022T3,Red de distribución,Nodos,Movistar,N/A,N/A,5G,"3,5 GHz",,,,416.0
50,2022T3,Red de distribución,Nodos,Orange,N/A,N/A,5G,2100 MHz,,,,3315.0
51,2022T3,Red de distribución,Nodos,Orange,N/A,N/A,5G,"3,5 GHz",,,,1381.0
52,2022T3,Red de distribución,Nodos,Orange,N/A,N/A,5G,700 MHz,,,,3879.0
53,2022T3,Red de distribución,Nodos,Vodafone,N/A,N/A,5G,"3,5 GHz",,,,670.0
54,2022T3,Red de distribución,Nodos,Vodafone,N/A,N/A,5G,700 MHz,,,,2421.0
55,2022T4,Banda Ancha móvil,Líneas,Digi,N/A,Pospago,"4G/4,5G",N/A,1903939.0,,,
56,2022T4,Banda Ancha móvil,Líneas,Digi,N/A,Prepago,"4G/4,5G",N/A,1672718.0,,,
57,2022T4,Banda Ancha móvil,Líneas,Grupo MASMOVIL,N/A,Pospago,"4G/4,5G",N/A,8382954.0,,,
58,2022T4,Banda Ancha móvil,Líneas,Grupo MASMOVIL,N/A,Pospago,5G,N/A,711067.0,,,
59,2022T4,Banda Ancha móvil,Líneas,Grupo MASMOVIL,N/A,Prepago,"4G/4,5G",N/A,1991290.0,,,
60,2022T4,Banda Ancha móvil,Líneas,Movistar,N/A,Pospago,"4G/4,5G",N/A,10207502.0,,,
61,2022T4,Banda Ancha móvil,Líneas,Movistar,N/A,Pospago,5G,N/A,2711512.0,,,
62,2022T4,Banda Ancha móvil,Líneas,Movistar,N/A,Prepago,"4G/4,5G",N/A,266915.0,,,
63,2022T4,Banda Ancha móvil,Líneas,Orange,N/A,Pospago,"4G/4,5G",N/A,9668887.0,,,
64,2022T4,Banda Ancha móvil,Líneas,Orange,N/A,Pospago,5G,N/A,1570778.0,,,
65,2022T4,Banda Ancha móvil,Líneas,Orange,N/A,Prepago,"4G/4,5G",N/A,974085.0,,,
66,2022T4,Banda Ancha móvil,Líneas,Orange,N/A,Prepago,5G,N/A,2637.0,,,
67,2022T4,Banda Ancha móvil,Líneas,Resto Operadores,N/A,Pospago,"4G/4,5G",N/A,282479.0,,,
68,2022T4,Banda Ancha móvil,Líneas,Resto Operadores,N/A,Prepago,"4G/4,5G",N/A,14041.0,,,
69,2022T4,Banda Ancha móvil,Líneas,Vodafone,N/A,Pospago,"4G/4,5G",N/A,7315059.0,,,
70,2022T4,Banda Ancha móvil,Líneas,Vodafone,N/A,Pospago,5G,N/A,2659386.0,,,
71,2022T4,Banda Ancha móvil,Líneas,Vodafone,N/A,Prepago,"4G/4,5G",N/A,1669316.0,,,
72,2022T4,Banda Ancha móvil,Líneas,Vodafone,N/A,Prepago,5G,N/A,472967.0,,,
73,2022T4,Banda Ancha móvil,Tráfico - datos,Digi,Nacional,N/A,"4G/4,5G",N/A,,,139579.45,
74,2022T4,Banda Ancha móvil,Tráfico - datos,Digi,Nacional,N/A,Resto tecnologías,N/A,,,10035.28,
75,2022T4,Banda Ancha móvil,Tráfico - datos,Grupo MASMOVIL,Nacional,N/A,"4G/4,5G",N/A,,,282361.09,
76,2022T4,Banda Ancha móvil,Tráfico - datos,Grupo MASMOVIL,Nacional,N/A,5G,N/A,,,9242.72,
77,2022T4,Banda Ancha móvil,Tráfico - datos,Grupo MASMOVIL,Nacional,N/A,Resto tecnologías,N/A,,,46200.55,
78,2022T4,Banda Ancha móvil,Tráfico - datos,Movistar,Nacional,N/A,"4G/4,5G",N/A,,,280325.72,
79,2022T4,Banda Ancha móvil,Tráfico - datos,Movistar,Nacional,N/A,5G,N/A,,,23503.33,
80,2022T4,Banda Ancha móvil,Tráfico - datos,Movistar,Nacional,N/A,Resto tecnologías,N/A,,,12455.63,
81,2022T4,Banda Ancha móvil,Tráfico - datos,Orange,Nacional,N/A,"4G/4,5G",N/A,,,343209.43,
82,2022T4,Banda Ancha móvil,Tráfico - datos,Orange,Nacional,N/A,5G,N/A,,,20772.12,
83,2022T4,Banda Ancha móvil,Tráfico - datos,Orange,Nacional,N/A,Resto tecnologías,N/A,,,25627.01,
84,2022T4,Banda Ancha móvil,Tráfico - datos,Resto Operadores,Nacional,N/A,"4G/4,5G",N/A,,,9519.52,
85,2022T4,Banda Ancha móvil,Tráfico - datos,Resto Operadores,Nacional,N/A,Resto tecnologías,N/A,,,6661.75,
86,2022T4,Banda Ancha móvil,Tráfico - datos,Vodafone,Nacional,N/A,"4G/4,5G",N/A,,,449331.55,
87,2022T4,Banda Ancha móvil,Tráfico - datos,Vodafone,Nacional,N/A,5G,N/A,,,9602.66,
88,2022T4,Banda Ancha móvil,Tráfico - datos,Vodafone,Nacional,N/A,Resto tecnologías,N/A,,,17060.19,
89,2022T4,Red de distribución,Estaciones Base,Grupo MASMOVIL,N/A,N/A,"4G/4,5G",N/A,,5447.0,,
90,2022T4,Red de distribución,Estaciones Base,Grupo MASMOVIL,N/A,N/A,5G,N/A,,105.0,,
91,2022T4,Red de distribución,Estaciones Base,Grupo MASMOVIL,N/A,N/A,Resto tecnologías,N/A,,5052.0,,
92,2022T4,Red de distribución,Estaciones Base,Movistar,N/A,N/A,"4G/4,5G",N/A,,20515.0,,
93,2022T4,Red de distribución,Estaciones Base,Movistar,N/A,N/A,5G,N/A,,6137.0,,
94,2022T4,Red de distribución,Estaciones Base,Movistar,N/A,N/A,Resto tecnologías,N/A,,40081.0,,
95,2022T4,Red de distribución,Estaciones Base,Orange,N/A,N/A,"4G/4,5G",N/A,,17431.0,,
96,2022T4,Red de distribución,Estaciones Base,Orange,N/A,N/A,5G,N/A,,6812.0,,
97,2022T4,Red de distribución,Estaciones Base,Orange,N/A,N/A,Resto tecnologías,N/A,,35215.0,,
98,2022T4,Red de distribución,Estaciones Base,Resto Operadores,N/A,N/A,"4G/4,5G",N/A,,5.0,,
99,2022T4,Red de distribución,Estaciones Base,Vodafone,N/A,N/A,"4G/4,5G",N/A,,18820.0,,
100,2022T4,Red de distribución,Estaciones Base,Vodafone,N/A,N/A,5G,N/A,,3595.0,,
101,2022T4,Red de distribución,Estaciones Base,Vodafone,N/A,N/A,Resto tecnologías,N/A,,33760.0,,
102,2022T4,Red de distribución,Nodos,Grupo MASMOVIL,N/A,N/A,5G,"3,5 GHz",,,,105.0
103,2022T4,Red de distribución,Nodos,Movistar,N/A,N/A,5G,2100 MHz,,,,5008.0
104,2022T4,Red de distribución,Nodos,Movistar,N/A,N/A,5G,"3,5 GHz",,,,624.0
105,2022T4,Red de distribución,Nodos,Movistar,N/A,N/A,5G,700 MHz,,,,1925.0
106,2022T4,Red de distribución,Nodos,Orange,N/A,N/A,5G,2100 MHz,,,,3324.0
107,2022T4,Red de distribución,Nodos,Orange,N/A,N/A,5G,"3,5 GHz",,,,1609.0
108,2022T4,Red de distribución,Nodos,Orange,N/A,N/A,5G,700 MHz,,,,5072.0
109,2022T4,Red de distribución,Nodos,Vodafone,N/A,N/A,5G,"3,5 GHz",,,,1014.0
110,2022T4,Red de distribución,Nodos,Vodafone,N/A,N/A,5G,700 MHz,,,,3187.0
111,2023T1,Banda Ancha móvil,Líneas,Digi,N/A,Pospago,"4G/4,5G",N/A,2136199.0,,,
112,2023T1,Banda Ancha móvil,Líneas,Digi,N/A,Prepago,"4G/4,5G",N/A,1712047.0,,,
113,2023T1,Banda Ancha móvil,Líneas,Grupo MASMOVIL,N/A,Pospago,"4G/4,5G",N/A,8358419.0,,,
114,2023T1,Banda Ancha móvil,Líneas,Grupo MASMOVIL,N/A,Pospago,5G,N/A,698437.0,,,
115,2023T1,Banda Ancha móvil,Líneas,Grupo MASMOVIL,N/A,Prepago,"4G/4,5G",N/A,1802734.0,,,
116,2023T1,Banda Ancha móvil,Líneas,Movistar,N/A,Pospago,"4G/4,5G",N/A,10315015.0,,,
117,2023T1,Banda Ancha móvil,Líneas,Movistar,N/A,Pospago,5G,N/A,3095452.0,,,
118,2023T1,Banda Ancha móvil,Líneas,Movistar,N/A,Prepago,"4G/4,5G",N/A,264319.0,,,
119,2023T1,Banda Ancha móvil,Líneas,Orange,N/A,Pospago,"4G/4,5G",N/A,9721614.0,,,
120,2023T1,Banda Ancha móvil,Líneas,Orange,N/A,Pospago,5G,N/A,1848468.0,,,
121,2023T1,Banda Ancha móvil,Líneas,Orange,N/A,Prepago,"4G/4,5G",N/A,928118.0,,,
122,2023T1,Banda Ancha móvil,Líneas,Orange,N/A,Prepago,5G,N/A,3168.0,,,
123,2023T1,Banda Ancha móvil,Líneas,Resto Operadores,N/A,Pospago,"4G/4,5G",N/A,288597.0,,,
124,2023T1,Banda Ancha móvil,Líneas,Resto Operadores,N/A,Prepago,"4G/4,5G",N/A,13092.0,,,
125,2023T1,Banda Ancha móvil,Líneas,Vodafone,N/A,Pospago,"4G/4,5G",N/A,7015905.0,,,
126,2023T1,Banda Ancha móvil,Líneas,Vodafone,N/A,Pospago,5G,N/A,3013514.0,,,
127,2023T1,Banda Ancha móvil,Líneas,Vodafone,N/A,Prepago,"4G/4,5G",N/A,1611478.0,,,
128,2023T1,Banda Ancha móvil,Líneas,Vodafone,N/A,Prepago,5G,N/A,518080.0,,,
129,2023T1,Banda Ancha móvil,Tráfico - datos,Digi,Nacional,N/A,"4G/4,5G",N/A,,,165267.97,
130,2023T1,Banda Ancha móvil,Tráfico - datos,Digi,Nacional,N/A,Resto tecnologías,N/A,,,10510.89,
131,2023T1,Banda Ancha móvil,Tráfico - datos,Grupo MASMOVIL,Nacional,N/A,"4G/4,5G",N/A,,,301799.32,
132,2023T1,Banda Ancha móvil,Tráfico - datos,Grupo MASMOVIL,Nacional,N/A,5G,N/A,,,12225.48,
133,2023T1,Banda Ancha móvil,Tráfico - datos,Grupo MASMOVIL,Nacional,N/A,Resto tecnologías,N/A,,,49597.02,
134,2023T1,Banda Ancha móvil,Tráfico - datos,Movistar,Nacional,N/A,"4G/4,5G",N/A,,,284442.07,
135,2023T1,Banda Ancha móvil,Tráfico - datos,Movistar,Nacional,N/A,5G,N/A,,,32038.45,
136,2023T1,Banda Ancha móvil,Tráfico - datos,Movistar,Nacional,N/A,Resto tecnologías,N/A,,,11499.73,
137,2023T1,Banda Ancha móvil,Tráfico - datos,Orange,Nacional,N/A,"4G/4,5G",N/A,,,356346.9,
138,2023T1,Banda Ancha móvil,Tráfico - datos,Orange,Nacional,N/A,5G,N/A,,,27361.74,
139,2023T1,Banda Ancha móvil,Tráfico - datos,Orange,Nacional,N/A,Resto tecnologías,N/A,,,28887.11,
140,2023T1,Banda Ancha móvil,Tráfico - datos,Resto Operadores,Nacional,N/A,"4G/4,5G",N/A,,,18166.91,
141,2023T1,Banda Ancha móvil,Tráfico - datos,Resto Operadores,Nacional,N/A,Resto tecnologías,N/A,,,7019.52,
142,2023T1,Banda Ancha móvil,Tráfico - datos,Vodafone,Nacional,N/A,"4G/4,5G",N/A,,,446772.14,
143,2023T1,Banda Ancha móvil,Tráfico - datos,Vodafone,Nacional,N/A,5G,N/A,,,15057.4,
144,2023T1,Banda Ancha móvil,Tráfico - datos,Vodafone,Nacional,N/A,Resto tecnologías,N/A,,,14976.61,
145,2023T1,Red de distribución,Estaciones Base,Grupo MASMOVIL,N/A,N/A,"4G/4,5G",N/A,,5433.0,,
146,2023T1,Red de distribución,Estaciones Base,Grupo MASMOVIL,N/A,N/A,5G,N/A,,107.0,,
147,2023T1,Red de distribución,Estaciones Base,Grupo MASMOVIL,N/A,N/A,Resto tecnologías,N/A,,5041.0,,
148,2023T1,Red de distribución,Estaciones Base,Movistar,N/A,N/A,"4G/4,5G",N/A,,20713.0,,
149,2023T1,Red de distribución,Estaciones Base,Movistar,N/A,N/A,5G,N/A,,6811.0,,
150,2023T1,Red de distribución,Estaciones Base,Movistar,N/A,N/A,Resto tecnologías,N/A,,40140.0,,
151,2023T1,Red de distribución,Estaciones Base,Orange,N/A,N/A,"4G/4,5G",N/A,,17549.0,,
152,2023T1,Red de distribución,Estaciones Base,Orange,N/A,N/A,5G,N/A,,7427.0,,
153,2023T1,Red de distribución,Estaciones Base,Orange,N/A,N/A,Resto tecnologías,N/A,,35486.0,,
154,2023T1,Red de distribución,Estaciones Base,Resto Operadores,N/A,N/A,"4G/4,5G",N/A,,3.0,,
155,2023T1,Red de distribución,Estaciones Base,Vodafone,N/A,N/A,"4G/4,5G",N/A,,18895.0,,
156,2023T1,Red de distribución,Estaciones Base,Vodafone,N/A,N/A,5G,N/A,,3889.0,,
157,2023T1,Red de distribución,Estaciones Base,Vodafone,N/A,N/A,Resto tecnologías,N/A,,33446.0,,
158,2023T1,Red de distribución,Nodos,Grupo MASMOVIL,N/A,N/A,5G,"3,5 GHz",,,,107.0
159,2023T1,Red de distribución,Nodos,Movistar,N/A,N/A,5G,2100 MHz,,,,5079.0
160,2023T1,Red de distribución,Nodos,Movistar,N/A,N/A,5G,"3,5 GHz",,,,1008.0
161,2023T1,Red de distribución,Nodos,Movistar,N/A,N/A,5G,700 MHz,,,,2956.0
162,2023T1,Red de distribución,Nodos,Orange,N/A,N/A,5G,2100 MHz,,,,3392.0
163,2023T1,Red de distribución,Nodos,Orange,N/A,N/A,5G,"3,5 GHz",,,,1680.0
164,2023T1,Red de distribución,Nodos,Orange,N/A,N/A,5G,700 MHz,,,,5921.0
165,2023T1,Red de distribución,Nodos,Vodafone,N/A,N/A,5G,"3,5 GHz",,,,1095.0
166,2023T1,Red de distribución,Nodos,Vodafone,N/A,N/A,5G,700 MHz,,,,3521.0
167,2023T2,Banda Ancha móvil,Líneas,Digi,N/A,Pospago,"4G/4,5G",N/A,2384638.0,,,
168,2023T2,Banda Ancha móvil,Líneas,Digi,N/A,Prepago,"4G/4,5G",N/A,1747578.0,,,
169,2023T2,Banda Ancha móvil,Líneas,Grupo MASMOVIL,N/A,Pospago,"4G/4,5G",N/A,8435247.0,,,
170,2023T2,Banda Ancha móvil,Líneas,Grupo MASMOVIL,N/A,Pospago,5G,N/A,1615481.0,,,
171,2023T2,Banda Ancha móvil,Líneas,Grupo MASMOVIL,N/A,Prepago,"4G/4,5G",N/A,1965934.0,,,
172,2023T2,Banda Ancha móvil,Líneas,Movistar,N/A,Pospago,"4G/4,5G",N/A,10469200.0,,,
173,2023T2,Banda Ancha móvil,Líneas,Movistar,N/A,Pospago,5G,N/A,3414066.0,,,
174,2023T2,Banda Ancha móvil,Líneas,Movistar,N/A,Prepago,"4G/4,5G",N/A,277984.0,,,
175,2023T2,Banda Ancha móvil,Líneas,Orange,N/A,Pospago,"4G/4,5G",N/A,9739357.0,,,
176,2023T2,Banda Ancha móvil,Líneas,Orange,N/A,Pospago,5G,N/A,1918227.0,,,
177,2023T2,Banda Ancha móvil,Líneas,Orange,N/A,Prepago,"4G/4,5G",N/A,935203.0,,,
178,2023T2,Banda Ancha móvil,Líneas,Orange,N/A,Prepago,5G,N/A,3990.0,,,
179,2023T2,Banda Ancha móvil,Líneas,Resto Operadores,N/A,Pospago,"4G/4,5G",N/A,297180.0,,,
180,2023T2,Banda Ancha móvil,Líneas,Resto Operadores,N/A,Prepago,"4G/4,5G",N/A,13477.0,,,
181,2023T2,Banda Ancha móvil,Líneas,Vodafone,N/A,Pospago,"4G/4,5G",N/A,7285455.0,,,
182,2023T2,Banda Ancha móvil,Líneas,Vodafone,N/A,Pospago,5G,N/A,3006219.0,,,
183,2023T2,Banda Ancha móvil,Líneas,Vodafone,N/A,Prepago,"4G/4,5G",N/A,1608690.0,,,
184,2023T2,Banda Ancha móvil,Líneas,Vodafone,N/A,Prepago,5G,N/A,657972.0,,,
185,2023T2,Banda Ancha móvil,Tráfico - datos,Digi,Nacional,N/A,"4G/4,5G",N/A,,,186827.67,
186,2023T2,Banda Ancha móvil,Tráfico - datos,Digi,Nacional,N/A,Resto tecnologías,N/A,,,11079.15,
187,2023T2,Banda Ancha móvil,Tráfico - datos,Grupo MASMOVIL,Nacional,N/A,"4G/4,5G",N/A,,,357307.1,
188,2023T2,Banda Ancha móvil,Tráfico - datos,Grupo MASMOVIL,Nacional,N/A,5G,N/A,,,13381.61,
189,2023T2,Banda Ancha móvil,Tráfico - datos,Grupo MASMOVIL,Nacional,N/A,Resto tecnologías,N/A,,,36608.09,
190,2023T2,Banda Ancha móvil,Tráfico - datos,Movistar,Nacional,N/A,"4G/4,5G",N/A,,,283547.81,
191,2023T2,Banda Ancha móvil,Tráfico - datos,Movistar,Nacional,N/A,5G,N/A,,,44258.83,
192,2023T2,Banda Ancha móvil,Tráfico - datos,Movistar,Nacional,N/A,Resto tecnologías,N/A,,,12598.75,
193,2023T2,Banda Ancha móvil,Tráfico - datos,Orange,Nacional,N/A,"4G/4,5G",N/A,,,372309.62,
194,2023T2,Banda Ancha móvil,Tráfico - datos,Orange,Nacional,N/A,5G,N/A,,,33190.42,
195,2023T2,Banda Ancha móvil,Tráfico - datos,Orange,Nacional,N/A,Resto tecnologías,N/A,,,29343.05,
196,2023T2,Banda Ancha móvil,Tráfico - datos,Resto Operadores,Nacional,N/A,"4G/4,5G",N/A,,,21179.04,
197,2023T2,Banda Ancha móvil,Tráfico - datos,Resto Operadores,Nacional,N/A,Resto tecnologías,N/A,,,8168.99,
198,2023T2,Banda Ancha móvil,Tráfico - datos,Vodafone,Nacional,N/A,"4G/4,5G",N/A,,,485387.54,
199,2023T2,Banda Ancha móvil,Tráfico - datos,Vodafone,Nacional,N/A,5G,N/A,,,16642.3,
200,2023T2,Banda Ancha móvil,Tráfico - datos,Vodafone,Nacional,N/A,Resto tecnologías,N/A,,,16582.72,
201,2023T2,Red de distribución,Estaciones Base,Grupo MASMOVIL,N/A,N/A,"4G/4,5G",N/A,,5403.0,,
202,2023T2,Red de distribución,Estaciones Base,Grupo MASMOVIL,N/A,N/A,5G,N/A,,107.0,,
203,2023T2,Red de distribución,Estaciones Base,Grupo MASMOVIL,N/A,N/A,Resto tecnologías,N/A,,5016.0,,
204,2023T2,Red de distribución,Estaciones Base,Movistar,N/A,N/A,"4G/4,5G",N/A,,20969.0,,
205,2023T2,Red de distribución,Estaciones Base,Movistar,N/A,N/A,5G,N/A,,7508.0,,
206,2023T2,Red de distribución,Estaciones Base,Movistar,N/A,N/A,Resto tecnologías,N/A,,40001.0,,
207,2023T2,Red de distribución,Estaciones Base,Orange,N/A,N/A,"4G/4,5G",N/A,,17699.0,,
208,2023T2,Red de distribución,Estaciones Base,Orange,N/A,N/A,5G,N/A,,8089.0,,
209,2023T2,Red de distribución,Estaciones Base,Orange,N/A,N/A,Resto tecnologías,N/A,,35694.0,,
210,2023T2,Red de distribución,Estaciones Base,Resto Operadores,N/A,N/A,"4G/4,5G",N/A,,3.0,,
211,2023T2,Red de distribución,Estaciones Base,Vodafone,N/A,N/A,"4G/4,5G",N/A,,18706.0,,
212,2023T2,Red de distribución,Estaciones Base,Vodafone,N/A,N/A,5G,N/A,,4637.0,,
213,2023T2,Red de distribución,Estaciones Base,Vodafone,N/A,N/A,Resto tecnologías,N/A,,33488.0,,
214,2023T2,Red de distribución,Nodos,Grupo MASMOVIL,N/A,N/A,5G,"3,5 GHz",,,,107.0
215,2023T2,Red de distribución,Nodos,Movistar,N/A,N/A,5G,2100 MHz,,,,5088.0
216,2023T2,Red de distribución,Nodos,Movistar,N/A,N/A,5G,"3,5 GHz",,,,1552.0
217,2023T2,Red de distribución,Nodos,Movistar,N/A,N/A,5G,700 MHz,,,,4102.0
218,2023T2,Red de distribución,Nodos,Orange,N/A,N/A,5G,2100 MHz,,,,3405.0
219,2023T2,Red de distribución,Nodos,Orange,N/A,N/A,5G,"3,5 GHz",,,,1770.0
220,2023T2,Red de distribución,Nodos,Orange,N/A,N/A,5G,700 MHz,,,,6757.0
221,2023T2,Red de distribución,Nodos,Vodafone,N/A,N/A,5G,"3,5 GHz",,,,1210.0
222,2023T2,Red de distribución,Nodos,Vodafone,N/A,N/A,5G,700 MHz,,,,4261.0
223,2023T3,Banda Ancha móvil,Líneas,Digi,N/A,Pospago,"4G/4,5G",N/A,2568422.0,,,
224,2023T3,Banda Ancha móvil,Líneas,Digi,N/A,Prepago,"4G/4,5G",N/A,1688596.0,,,
225,2023T3,Banda Ancha móvil,Líneas,Grupo MASMOVIL,N/A,Pospago,"4G/4,5G",N/A,8855812.0,,,
226,2023T3,Banda Ancha móvil,Líneas,Grupo MASMOVIL,N/A,Pospago,5G,N/A,2393350.0,,,
227,2023T3,Banda Ancha móvil,Líneas,Grupo MASMOVIL,N/A,Prepago,"4G/4,5G",N/A,1794147.0,,,
228,2023T3,Banda Ancha móvil,Líneas,Grupo MASMOVIL,N/A,Prepago,5G,N/A,9164.0,,,
229,2023T3,Banda Ancha móvil,Líneas,Movistar,N/A,Pospago,"4G/4,5G",N/A,10578245.0,,,
230,2023T3,Banda Ancha móvil,Líneas,Movistar,N/A,Pospago,5G,N/A,3770935.0,,,
231,2023T3,Banda Ancha móvil,Líneas,Movistar,N/A,Prepago,"4G/4,5G",N/A,268560.0,,,
232,2023T3,Banda Ancha móvil,Líneas,Orange,N/A,Pospago,"4G/4,5G",N/A,9802877.0,,,
233,2023T3,Banda Ancha móvil,Líneas,Orange,N/A,Pospago,5G,N/A,2378456.0,,,
234,2023T3,Banda Ancha móvil,Líneas,Orange,N/A,Prepago,"4G/4,5G",N/A,1096359.0,,,
235,2023T3,Banda Ancha móvil,Líneas,Orange,N/A,Prepago,5G,N/A,3445.0,,,
236,2023T3,Banda Ancha móvil,Líneas,Resto Operadores,N/A,Pospago,"4G/4,5G",N/A,298775.0,,,
237,2023T3,Banda Ancha móvil,Líneas,Resto Operadores,N/A,Prepago,"4G/4,5G",N/A,13920.0,,,
238,2023T3,Banda Ancha móvil,Líneas,Vodafone,N/A,Pospago,"4G/4,5G",N/A,7463230.0,,,
239,2023T3,Banda Ancha móvil,Líneas,Vodafone,N/A,Pospago,5G,N/A,3559638.0,,,
240,2023T3,Banda Ancha móvil,Líneas,Vodafone,N/A,Prepago,"4G/4,5G",N/A,1695875.0,,,
241,2023T3,Banda Ancha móvil,Líneas,Vodafone,N/A,Prepago,5G,N/A,903972.0,,,
242,2023T3,Banda Ancha móvil,Tráfico - datos,Digi,Nacional,N/A,"4G/4,5G",N/A,,,178936.02,
243,2023T3,Banda Ancha móvil,Tráfico - datos,Digi,Nacional,N/A,Resto tecnologías,N/A,,,9269.79,
244,2023T3,Banda Ancha móvil,Tráfico - datos,Grupo MASMOVIL,Nacional,N/A,"4G/4,5G",N/A,,,388093.29,
245,2023T3,Banda Ancha móvil,Tráfico - datos,Grupo MASMOVIL,Nacional,N/A,5G,N/A,,,20365.7,
246,2023T3,Banda Ancha móvil,Tráfico - datos,Grupo MASMOVIL,Nacional,N/A,Resto tecnologías,N/A,,,37713.36,
247,2023T3,Banda Ancha móvil,Tráfico - datos,Movistar,Nacional,N/A,"4G/4,5G",N/A,,,342189.63,
248,2023T3,Banda Ancha móvil,Tráfico - datos,Movistar,Nacional,N/A,5G,N/A,,,60408.47,
249,2023T3,Banda Ancha móvil,Tráfico - datos,Movistar,Nacional,N/A,Resto tecnologías,N/A,,,16783.43,
250,2023T3,Banda Ancha móvil,Tráfico - datos,Orange,Nacional,N/A,"4G/4,5G",N/A,,,416042.82,
251,2023T3,Banda Ancha móvil,Tráfico - datos,Orange,Nacional,N/A,5G,N/A,,,38090.54,
252,2023T3,Banda Ancha móvil,Tráfico - datos,Orange,Nacional,N/A,Resto tecnologías,N/A,,,31947.02,
253,2023T3,Banda Ancha móvil,Tráfico - datos,Resto Operadores,Nacional,N/A,"4G/4,5G",N/A,,,24368.04,
254,2023T3,Banda Ancha móvil,Tráfico - datos,Resto Operadores,Nacional,N/A,Resto tecnologías,N/A,,,9492.4,
255,2023T3,Banda Ancha móvil,Tráfico - datos,Vodafone,Nacional,N/A,"4G/4,5G",N/A,,,538993.67,
256,2023T3,Banda Ancha móvil,Tráfico - datos,Vodafone,Nacional,N/A,5G,N/A,,,25101.8,
257,2023T3,Banda Ancha móvil,Tráfico - datos,Vodafone,Nacional,N/A,Resto tecnologías,N/A,,,15908.57,
258,2023T3,Red de distribución,Estaciones Base,Grupo MASMOVIL,N/A,N/A,"4G/4,5G",N/A,,5359.0,,
259,2023T3,Red de distribución,Estaciones Base,Grupo MASMOVIL,N/A,N/A,5G,N/A,,108.0,,
260,2023T3,Red de distribución,Estaciones Base,Grupo MASMOVIL,N/A,N/A,Resto tecnologías,N/A,,4720.0,,
261,2023T3,Red de distribución,Estaciones Base,Movistar,N/A,N/A,"4G/4,5G",N/A,,21207.0,,
262,2023T3,Red de distribución,Estaciones Base,Movistar,N/A,N/A,5G,N/A,,8083.0,,
263,2023T3,Red de distribución,Estaciones Base,Movistar,N/A,N/A,Resto tecnologías,N/A,,40183.0,,
264,2023T3,Red de distribución,Estaciones Base,Orange,N/A,N/A,"4G/4,5G",N/A,,17948.0,,
265,2023T3,Red de distribución,Estaciones Base,Orange,N/A,N/A,5G,N/A,,8824.0,,
266,2023T3,Red de distribución,Estaciones Base,Orange,N/A,N/A,Resto tecnologías,N/A,,36006.0,,
267,2023T3,Red de distribución,Estaciones Base,Resto Operadores,N/A,N/A,"4G/4,5G",N/A,,3.0,,
268,2023T3,Red de distribución,Estaciones Base,Vodafone,N/A,N/A,"4G/4,5G",N/A,,19131.0,,
269,2023T3,Red de distribución,Estaciones Base,Vodafone,N/A,N/A,5G,N/A,,5238.0,,
270,2023T3,Red de distribución,Estaciones Base,Vodafone,N/A,N/A,Resto tecnologías,N/A,,31637.0,,
271,2023T3,Red de distribución,Nodos,Grupo MASMOVIL,N/A,N/A,5G,"3,5 GHz",,,,108.0
272,2023T3,Red de distribución,Nodos,Movistar,N/A,N/A,5G,2100 MHz,,,,5108.0
273,2023T3,Red de distribución,Nodos,Movistar,N/A,N/A,5G,"3,5 GHz",,,,2159.0
274,2023T3,Red de distribución,Nodos,Movistar,N/A,N/A,5G,700 MHz,,,,4954.0
275,2023T3,Red de distribución,Nodos,Orange,N/A,N/A,5G,2100 MHz,,,,3428.0
276,2023T3,Red de distribución,Nodos,Orange,N/A,N/A,5G,"3,5 GHz",,,,1924.0
277,2023T3,Red de distribución,Nodos,Orange,N/A,N/A,5G,700 MHz,,,,7619.0
278,2023T3,Red de distribución,Nodos,Vodafone,N/A,N/A,5G,"3,5 GHz",,,,1388.0
279,2023T3,Red de distribución,Nodos,Vodafone,N/A,N/A,5G,700 MHz,,,,4874.0
280,2023T4,Banda Ancha móvil,Líneas,Digi,N/A,Pospago,"4G/4,5G",N/A,2720745.0,,,
281,2023T4,Banda Ancha móvil,Líneas,Digi,N/A,Prepago,"4G/4,5G",N/A,1615369.0,,,
282,2023T4,Banda Ancha móvil,Líneas,Grupo MASMOVIL,N/A,Pospago,"4G/4,5G",N/A,8886462.0,,,
283,2023T4,Banda Ancha móvil,Líneas,Grupo MASMOVIL,N/A,Pospago,5G,N/A,2483189.0,,,
284,2023T4,Banda Ancha móvil,Líneas,Grupo MASMOVIL,N/A,Prepago,"4G/4,5G",N/A,1794147.0,,,
285,2023T4,Banda Ancha móvil,Líneas,Grupo MASMOVIL,N/A,Prepago,5G,N/A,9429.0,,,
286,2023T4,Banda Ancha móvil,Líneas,Movistar,N/A,Pospago,"4G/4,5G",N/A,10668116.0,,,
287,2023T4,Banda Ancha móvil,Líneas,Movistar,N/A,Pospago,5G,N/A,4195934.0,,,
288,2023T4,Banda Ancha móvil,Líneas,Movistar,N/A,Prepago,"4G/4,5G",N/A,228646.0,,,
289,2023T4,Banda Ancha móvil,Líneas,Orange,N/A,Pospago,"4G/4,5G",N/A,9817440.0,,,
290,2023T4,Banda Ancha móvil,Líneas,Orange,N/A,Pospago,5G,N/A,2980982.0,,,
291,2023T4,Banda Ancha móvil,Líneas,Orange,N/A,Prepago,"4G/4,5G",N/A,1002759.0,,,
292,2023T4,Banda Ancha móvil,Líneas,Orange,N/A,Prepago,5G,N/A,2896.0,,,
293,2023T4,Banda Ancha móvil,Líneas,Resto Operadores,N/A,Pospago,"4G/4,5G",N/A,289839.0,,,
294,2023T4,Banda Ancha móvil,Líneas,Resto Operadores,N/A,Prepago,"4G/4,5G",N/A,13575.0,,,
295,2023T4,Banda Ancha móvil,Líneas,Vodafone,N/A,Pospago,"4G/4,5G",N/A,7713023.0,,,
296,2023T4,Banda Ancha móvil,Líneas,Vodafone,N/A,Pospago,5G,N/A,3442350.0,,,
297,2023T4,Banda Ancha móvil,Líneas,Vodafone,N/A,Prepago,"4G/4,5G",N/A,1674905.0,,,
298,2023T4,Banda Ancha móvil,Líneas,Vodafone,N/A,Prepago,5G,N/A,883945.0,,,
299,2023T4,Banda Ancha móvil,Tráfico - datos,Digi,Nacional,N/A,"4G/4,5G",N/A,,,185026.6,
300,2023T4,Banda Ancha móvil,Tráfico - datos,Digi,Nacional,N/A,Resto tecnologías,N/A,,,9201.27,
301,2023T4,Banda Ancha móvil,Tráfico - datos,Grupo MASMOVIL,Nacional,N/A,"4G/4,5G",N/A,,,376811.91,
302,2023T4,Banda Ancha móvil,Tráfico - datos,Grupo MASMOVIL,Nacional,N/A,5G,N/A,,,21705.92,
303,2023T4,Banda Ancha móvil,Tráfico - datos,Grupo MASMOVIL,Nacional,N/A,Resto tecnologías,N/A,,,34143.61,
304,2023T4,Banda Ancha móvil,Tráfico - datos,Movistar,Nacional,N/A,"4G/4,5G",N/A,,,292233.69,
305,2023T4,Banda Ancha móvil,Tráfico - datos,Movistar,Nacional,N/A,5G,N/A,,,69127.97,
306,2023T4,Banda Ancha móvil,Tráfico - datos,Movistar,Nacional,N/A,Resto tecnologías,N/A,,,14406.92,
307,2023T4,Banda Ancha móvil,Tráfico - datos,Orange,Nacional,N/A,"4G/4,5G",N/A,,,365092.03,
308,2023T4,Banda Ancha móvil,Tráfico - datos,Orange,Nacional,N/A,5G,N/A,,,42676.37,
309,2023T4,Banda Ancha móvil,Tráfico - datos,Orange,Nacional,N/A,Resto tecnologías,N/A,,,27657.68,
310,2023T4,Banda Ancha móvil,Tráfico - datos,Resto Operadores,Nacional,N/A,"4G/4,5G",N/A,,,25800.31,
311,2023T4,Banda Ancha móvil,Tráfico - datos,Resto Operadores,Nacional,N/A,Resto tecnologías,N/A,,,9292.19,
312,2023T4,Banda Ancha móvil,Tráfico - datos,Vodafone,Nacional,N/A,"4G/4,5G",N/A,,,487424.51,
313,2023T4,Banda Ancha móvil,Tráfico - datos,Vodafone,Nacional,N/A,5G,N/A,,,32830.87,
314,2023T4,Banda Ancha móvil,Tráfico - datos,Vodafone,Nacional,N/A,Resto tecnologías,N/A,,,10507.53,
315,2023T4,Red de distribución,Estaciones Base,Grupo MASMOVIL,N/A,N/A,"4G/4,5G",N/A,,5006.0,,
316,2023T4,Red de distribución,Estaciones Base,Grupo MASMOVIL,N/A,N/A,5G,N/A,,108.0,,
317,2023T4,Red de distribución,Estaciones Base,Grupo MASMOVIL,N/A,N/A,Resto tecnologías,N/A,,4645.0,,
318,2023T4,Red de distribución,Estaciones Base,Movistar,N/A,N/A,"4G/4,5G",N/A,,21529.0,,
319,2023T4,Red de distribución,Estaciones Base,Movistar,N/A,N/A,5G,N/A,,8829.0,,
320,2023T4,Red de distribución,Estaciones Base,Movistar,N/A,N/A,Resto tecnologías,N/A,,40258.0,,
321,2023T4,Red de distribución,Estaciones Base,Orange,N/A,N/A,"4G/4,5G",N/A,,18313.0,,
322,2023T4,Red de distribución,Estaciones Base,Orange,N/A,N/A,5G,N/A,,9119.0,,
323,2023T4,Red de distribución,Estaciones Base,Orange,N/A,N/A,Resto tecnologías,N/A,,36436.0,,
324,2023T4,Red de distribución,Estaciones Base,Resto Operadores,N/A,N/A,"4G/4,5G",N/A,,3.0,,
325,2023T4,Red de distribución,Estaciones Base,Vodafone,N/A,N/A,"4G/4,5G",N/A,,19288.0,,
326,2023T4,Red de distribución,Estaciones Base,Vodafone,N/A,N/A,5G,N/A,,5650.0,,
327,2023T4,Red de distribución,Estaciones Base,Vodafone,N/A,N/A,Resto tecnologías,N/A,,31439.0,,
328,2023T4,Red de distribución,Nodos,Grupo MASMOVIL,N/A,N/A,5G,"3,5 GHz",,,,108.0
329,2023T4,Red de distribución,Nodos,Movistar,N/A,N/A,5G,2100 MHz,,,,5113.0
330,2023T4,Red de distribución,Nodos,Movistar,N/A,N/A,5G,"3,5 GHz",,,,3002.0
331,2023T4,Red de distribución,Nodos,Movistar,N/A,N/A,5G,700 MHz,,,,5959.0
332,2023T4,Red de distribución,Nodos,Orange,N/A,N/A,5G,2100 MHz,,,,3437.0
333,2023T4,Red de distribución,Nodos,Orange,N/A,N/A,5G,"3,5 GHz",,,,2142.0
334,2023T4,Red de distribución,Nodos,Orange,N/A,N/A,5G,700 MHz,,,,8094.0
335,2023T4,Red de distribución,Nodos,Vodafone,N/A,N/A,5G,"3,5 GHz",,,,1447.0
336,2023T4,Red de distribución,Nodos,Vodafone,N/A,N/A,5G,700 MHz,,,,5288.0
337,2024T1,Banda Ancha móvil,Líneas,Digi,N/A,Pospago,"4G/4,5G",N/A,2660395.0,,,
338,2024T1,Banda Ancha móvil,Líneas,Digi,N/A,Pospago,5G,N/A,349442.0,,,
339,2024T1,Banda Ancha móvil,Líneas,Digi,N/A,Prepago,"4G/4,5G",N/A,1370072.0,,,
340,2024T1,Banda Ancha móvil,Líneas,Digi,N/A,Prepago,5G,N/A,179958.0,,,
341,2024T1,Banda Ancha móvil,Líneas,Grupo MASMOVIL,N/A,Pospago,"4G/4,5G",N/A,8490758.0,,,
342,2024T1,Banda Ancha móvil,Líneas,Grupo MASMOVIL,N/A,Pospago,5G,N/A,2692841.0,,,
343,2024T1,Banda Ancha móvil,Líneas,Grupo MASMOVIL,N/A,Prepago,"4G/4,5G",N/A,1920667.0,,,
344,2024T1,Banda Ancha móvil,Líneas,Grupo MASMOVIL,N/A,Prepago,5G,N/A,376034.0,,,
345,2024T1,Banda Ancha móvil,Líneas,Movistar,N/A,Pospago,"4G/4,5G",N/A,10734340.0,,,
346,2024T1,Banda Ancha móvil,Líneas,Movistar,N/A,Pospago,5G,N/A,4685802.0,,,
347,2024T1,Banda Ancha móvil,Líneas,Movistar,N/A,Prepago,"4G/4,5G",N/A,220680.0,,,
348,2024T1,Banda Ancha móvil,Líneas,Orange,N/A,Pospago,"4G/4,5G",N/A,9869003.0,,,
349,2024T1,Banda Ancha móvil,Líneas,Orange,N/A,Pospago,5G,N/A,3481710.0,,,
350,2024T1,Banda Ancha móvil,Líneas,Orange,N/A,Prepago,"4G/4,5G",N/A,983970.0,,,
351,2024T1,Banda Ancha móvil,Líneas,Orange,N/A,Prepago,5G,N/A,162931.0,,,
352,2024T1,Banda Ancha móvil,Líneas,Resto Operadores,N/A,Pospago,"4G/4,5G",N/A,1094557.0,,,
353,2024T1,Banda Ancha móvil,Líneas,Vodafone,N/A,Pospago,"4G/4,5G",N/A,7689676.0,,,
354,2024T1,Banda Ancha móvil,Líneas,Vodafone,N/A,Pospago,5G,N/A,3686521.0,,,
355,2024T1,Banda Ancha móvil,Líneas,Vodafone,N/A,Prepago,"4G/4,5G",N/A,1520863.0,,,
356,2024T1,Banda Ancha móvil,Líneas,Vodafone,N/A,Prepago,5G,N/A,676185.0,,,
357,2024T1,Banda Ancha móvil,Tráfico - datos,Digi,Nacional,N/A,"4G/4,5G",N/A,,,166066.4,
358,2024T1,Banda Ancha móvil,Tráfico - datos,Digi,Nacional,N/A,5G,N/A,,,21812.77,
359,2024T1,Banda Ancha móvil,Tráfico - datos,Digi,Nacional,N/A,Resto tecnologías,N/A,,,8667.94,
360,2024T1,Banda Ancha móvil,Tráfico - datos,Grupo MASMOVIL,Nacional,N/A,"4G/4,5G",N/A,,,383226.77,
361,2024T1,Banda Ancha móvil,Tráfico - datos,Grupo MASMOVIL,Nacional,N/A,5G,N/A,,,37648.07,
362,2024T1,Banda Ancha móvil,Tráfico - datos,Grupo MASMOVIL,Nacional,N/A,Resto tecnologías,N/A,,,33697.13,
363,2024T1,Banda Ancha móvil,Tráfico - datos,Movistar,Nacional,N/A,"4G/4,5G",N/A,,,262937.58,
364,2024T1,Banda Ancha móvil,Tráfico - datos,Movistar,Nacional,N/A,5G,N/A,,,81242.86,
365,2024T1,Banda Ancha móvil,Tráfico - datos,Movistar,Nacional,N/A,Resto tecnologías,N/A,,,14496.4,
366,2024T1,Banda Ancha móvil,Tráfico - datos,Orange,Nacional,N/A,"4G/4,5G",N/A,,,370298.61,
367,2024T1,Banda Ancha móvil,Tráfico - datos,Orange,Nacional,N/A,5G,N/A,,,50108.01,
368,2024T1,Banda Ancha móvil,Tráfico - datos,Orange,Nacional,N/A,Resto tecnologías,N/A,,,10770.06,
369,2024T1,Banda Ancha móvil,Tráfico - datos,Resto Operadores,Nacional,N/A,"4G/4,5G",N/A,,,30983.67,
370,2024T1,Banda Ancha móvil,Tráfico - datos,Resto Operadores,Nacional,N/A,Resto tecnologías,N/A,,,2192.03,
371,2024T1,Banda Ancha móvil,Tráfico - datos,Vodafone,Nacional,N/A,"4G/4,5G",N/A,,,494104.8,
372,2024T1,Banda Ancha móvil,Tráfico - datos,Vodafone,Nacional,N/A,5G,N/A,,,35636.32,
373,2024T1,Banda Ancha móvil,Tráfico - datos,Vodafone,Nacional,N/A,Resto tecnologías,N/A,,,11144.26,
374,2024T1,Red de distribución,Estaciones Base,Grupo MASMOVIL,N/A,N/A,"4G/4,5G",N/A,,5007.0,,
375,2024T1,Red de distribución,Estaciones Base,Grupo MASMOVIL,N/A,N/A,5G,N/A,,108.0,,
376,2024T1,Red de distribución,Estaciones Base,Grupo MASMOVIL,N/A,N/A,Resto tecnologías,N/A,,4644.0,,
377,2024T1,Red de distribución,Estaciones Base,Movistar,N/A,N/A,"4G/4,5G",N/A,,21775.0,,
378,2024T1,Red de distribución,Estaciones Base,Movistar,N/A,N/A,5G,N/A,,9522.0,,
379,2024T1,Red de distribución,Estaciones Base,Movistar,N/A,N/A,Resto tecnologías,N/A,,40259.0,,
380,2024T1,Red de distribución,Estaciones Base,Orange,N/A,N/A,"4G/4,5G",N/A,,18661.0,,
381,2024T1,Red de distribución,Estaciones Base,Orange,N/A,N/A,5G,N/A,,9558.0,,
382,2024T1,Red de distribución,Estaciones Base,Orange,N/A,N/A,Resto tecnologías,N/A,,36870.0,,
383,2024T1,Red de distribución,Estaciones Base,Vodafone,N/A,N/A,"4G/4,5G",N/A,,19243.0,,
384,2024T1,Red de distribución,Estaciones Base,Vodafone,N/A,N/A,5G,N/A,,6235.0,,
385,2024T1,Red de distribución,Estaciones Base,Vodafone,N/A,N/A,Resto tecnologías,N/A,,31390.0,,
386,2024T1,Red de distribución,Nodos,Grupo MASMOVIL,N/A,N/A,5G,"3,5 GHz",,,,108.0
387,2024T1,Red de distribución,Nodos,Movistar,N/A,N/A,5G,2100 MHz,,,,5109.0
388,2024T1,Red de distribución,Nodos,Movistar,N/A,N/A,5G,"3,5 GHz",,,,3704.0
389,2024T1,Red de distribución,Nodos,Movistar,N/A,N/A,5G,700 MHz,,,,7012.0
390,2024T1,Red de distribución,Nodos,Orange,N/A,N/A,5G,2100 MHz,,,,3355.0
391,2024T1,Red de distribución,Nodos,Orange,N/A,N/A,5G,"3,5 GHz",,,,2245.0
392,2024T1,Red de distribución,Nodos,Orange,N/A,N/A,5G,700 MHz,,,,8518.0
393,2024T1,Red de distribución,Nodos,Vodafone,N/A,N/A,5G,"3,5 GHz",,,,1653.0
394,2024T1,Red de distribución,Nodos,Vodafone,N/A,N/A,5G,700 MHz,,,,5884.0
395,2024T2,Banda Ancha móvil,Líneas,Digi,N/A,Pospago,"4G/4,5G",N/A,2915181.0,,,
396,2024T2,Banda Ancha móvil,Líneas,Digi,N/A,Pospago,5G,N/A,474827.0,,,
397,2024T2,Banda Ancha móvil,Líneas,Digi,N/A,Prepago,"4G/4,5G",N/A,1498828.0,,,
398,2024T2,Banda Ancha móvil,Líneas,Digi,N/A,Prepago,5G,N/A,244130.0,,,
399,2024T2,Banda Ancha móvil,Líneas,MASORANGE,N/A,Pospago,"4G/4,5G",N/A,18621209.0,,,
400,2024T2,Banda Ancha móvil,Líneas,MASORANGE,N/A,Pospago,5G,N/A,6450712.0,,,
401,2024T2,Banda Ancha móvil,Líneas,MASORANGE,N/A,Prepago,"4G/4,5G",N/A,2754086.0,,,
402,2024T2,Banda Ancha móvil,Líneas,MASORANGE,N/A,Prepago,5G,N/A,667643.0,,,
403,2024T2,Banda Ancha móvil,Líneas,Movistar,N/A,Pospago,"4G/4,5G",N/A,10827125.0,,,
404,2024T2,Banda Ancha móvil,Líneas,Movistar,N/A,Pospago,5G,N/A,5035435.0,,,
405,2024T2,Banda Ancha móvil,Líneas,Movistar,N/A,Prepago,"4G/4,5G",N/A,225070.0,,,
406,2024T2,Banda Ancha móvil,Líneas,Resto Operadores,N/A,Pospago,"4G/4,5G",N/A,1126866.0,,,
407,2024T2,Banda Ancha móvil,Líneas,Vodafone,N/A,Pospago,"4G/4,5G",N/A,7680021.0,,,
408,2024T2,Banda Ancha móvil,Líneas,Vodafone,N/A,Pospago,5G,N/A,3940731.0,,,
409,2024T2,Banda Ancha móvil,Líneas,Vodafone,N/A,Prepago,"4G/4,5G",N/A,1395282.0,,,
410,2024T2,Banda Ancha móvil,Líneas,Vodafone,N/A,Prepago,5G,N/A,794796.0,,,
411,2024T2,Banda Ancha móvil,Tráfico - datos,Digi,Nacional,N/A,"4G/4,5G",N/A,,,209765.73,
412,2024T2,Banda Ancha móvil,Tráfico - datos,Digi,Nacional,N/A,5G,N/A,,,34166.82,
413,2024T2,Banda Ancha móvil,Tráfico - datos,Digi,Nacional,N/A,Resto tecnologías,N/A,,,9082.4,
414,2024T2,Banda Ancha móvil,Tráfico - datos,MASORANGE,Nacional,N/A,"4G/4,5G",N/A,,,743254.76,
415,2024T2,Banda Ancha móvil,Tráfico - datos,MASORANGE,Nacional,N/A,5G,N/A,,,105121.76,
416,2024T2,Banda Ancha móvil,Tráfico - datos,MASORANGE,Nacional,N/A,Resto tecnologías,N/A,,,42702.88,
417,2024T2,Banda Ancha móvil,Tráfico - datos,Movistar,Nacional,N/A,"4G/4,5G",N/A,,,283244.58,
418,2024T2,Banda Ancha móvil,Tráfico - datos,Movistar,Nacional,N/A,5G,N/A,,,91459.92,
419,2024T2,Banda Ancha móvil,Tráfico - datos,Movistar,Nacional,N/A,Resto tecnologías,N/A,,,16405.05,
420,2024T2,Banda Ancha móvil,Tráfico - datos,Resto Operadores,Nacional,N/A,"4G/4,5G",N/A,,,33716.33,
421,2024T2,Banda Ancha móvil,Tráfico - datos,Resto Operadores,Nacional,N/A,Resto tecnologías,N/A,,,2255.06,
422,2024T2,Banda Ancha móvil,Tráfico - datos,Vodafone,Nacional,N/A,"4G/4,5G",N/A,,,486834.69,
423,2024T2,Banda Ancha móvil,Tráfico - datos,Vodafone,Nacional,N/A,5G,N/A,,,39438.24,
424,2024T2,Banda Ancha móvil,Tráfico - datos,Vodafone,Nacional,N/A,Resto tecnologías,N/A,,,8590.04,
425,2024T2,Red de distribución,Estaciones Base,MASORANGE,N/A,N/A,"4G/4,5G",N/A,,23828.0,,
426,2024T2,Red de distribución,Estaciones Base,MASORANGE,N/A,N/A,5G,N/A,,10731.0,,
427,2024T2,Red de distribución,Estaciones Base,MASORANGE,N/A,N/A,Resto tecnologías,N/A,,41574.0,,
428,2024T2,Red de distribución,Estaciones Base,Movistar,N/A,N/A,"4G/4,5G",N/A,,22026.0,,
429,2024T2,Red de distribución,Estaciones Base,Movistar,N/A,N/A,5G,N/A,,10074.0,,
430,2024T2,Red de distribución,Estaciones Base,Movistar,N/A,N/A,Resto tecnologías,N/A,,40288.0,,
431,2024T2,Red de distribución,Estaciones Base,Vodafone,N/A,N/A,"4G/4,5G",N/A,,19260.0,,
432,2024T2,Red de distribución,Estaciones Base,Vodafone,N/A,N/A,5G,N/A,,6694.0,,
433,2024T2,Red de distribución,Estaciones Base,Vodafone,N/A,N/A,Resto tecnologías,N/A,,30406.0,,
434,2024T2,Red de distribución,Nodos,MASORANGE,N/A,N/A,5G,2100 MHz,,,,3365.0
435,2024T2,Red de distribución,Nodos,MASORANGE,N/A,N/A,5G,"3,5 GHz",,,,2586.0
436,2024T2,Red de distribución,Nodos,MASORANGE,N/A,N/A,5G,700 MHz,,,,9747.0
437,2024T2,Red de distribución,Nodos,Movistar,N/A,N/A,5G,2100 MHz,,,,5118.0
438,2024T2,Red de distribución,Nodos,Movistar,N/A,N/A,5G,"3,5 GHz",,,,4252.0
439,2024T2,Red de distribución,Nodos,Movistar,N/A,N/A,5G,700 MHz,,,,7879.0
440,2024T2,Red de distribución,Nodos,Vodafone,N/A,N/A,5G,"3,5 GHz",,,,1718.0
441,2024T2,Red de distribución,Nodos,Vodafone,N/A,N/A,5G,700 MHz,,,,6334.0
442,2024T3,Banda Ancha móvil,Líneas,Digi,N/A,Pospago,"4G/4,5G",N/A,3131283.0,,,
443,2024T3,Banda Ancha móvil,Líneas,Digi,N/A,Pospago,5G,N/A,525619.0,,,
444,2024T3,Banda Ancha móvil,Líneas,Digi,N/A,Prepago,"4G/4,5G",N/A,1704409.0,,,
445,2024T3,Banda Ancha móvil,Líneas,Digi,N/A,Prepago,5G,N/A,286103.0,,,
446,2024T3,Banda Ancha móvil,Líneas,MASORANGE,N/A,Pospago,"4G/4,5G",N/A,18711686.0,,,
447,2024T3,Banda Ancha móvil,Líneas,MASORANGE,N/A,Pospago,5G,N/A,7207704.0,,,
448,2024T3,Banda Ancha móvil,Líneas,MASORANGE,N/A,Prepago,"4G/4,5G",N/A,2867476.0,,,
449,2024T3,Banda Ancha móvil,Líneas,MASORANGE,N/A,Prepago,5G,N/A,784658.0,,,
450,2024T3,Banda Ancha móvil,Líneas,Movistar,N/A,Pospago,"4G/4,5G",N/A,10948807.0,,,
451,2024T3,Banda Ancha móvil,Líneas,Movistar,N/A,Pospago,5G,N/A,5386387.0,,,
452,2024T3,Banda Ancha móvil,Líneas,Movistar,N/A,Prepago,"4G/4,5G",N/A,216273.0,,,
453,2024T3,Banda Ancha móvil,Líneas,Resto Operadores,N/A,Pospago,"4G/4,5G",N/A,1152798.0,,,
454,2024T3,Banda Ancha móvil,Líneas,Vodafone,N/A,Pospago,"4G/4,5G",N/A,7980296.0,,,
455,2024T3,Banda Ancha móvil,Líneas,Vodafone,N/A,Pospago,5G,N/A,4247085.0,,,
456,2024T3,Banda Ancha móvil,Líneas,Vodafone,N/A,Prepago,"4G/4,5G",N/A,1454657.0,,,
457,2024T3,Banda Ancha móvil,Líneas,Vodafone,N/A,Prepago,5G,N/A,884071.0,,,
458,2024T3,Banda Ancha móvil,Tráfico - datos,Digi,Nacional,N/A,"4G/4,5G",N/A,,,236986.68,
459,2024T3,Banda Ancha móvil,Tráfico - datos,Digi,Nacional,N/A,5G,N/A,,,39780.7,
460,2024T3,Banda Ancha móvil,Tráfico - datos,Digi,Nacional,N/A,Resto tecnologías,N/A,,,9203.17,
461,2024T3,Banda Ancha móvil,Tráfico - datos,MASORANGE,Nacional,N/A,"4G/4,5G",N/A,,,805363.18,
462,2024T3,Banda Ancha móvil,Tráfico - datos,MASORANGE,Nacional,N/A,5G,N/A,,,110025.65,
463,2024T3,Banda Ancha móvil,Tráfico - datos,MASORANGE,Nacional,N/A,Resto tecnologías,N/A,,,43634.73,
464,2024T3,Banda Ancha móvil,Tráfico - datos,Movistar,Nacional,N/A,"4G/4,5G",N/A,,,316001.18,
465,2024T3,Banda Ancha móvil,Tráfico - datos,Movistar,Nacional,N/A,5G,N/A,,,103437.46,
466,2024T3,Banda Ancha móvil,Tráfico - datos,Movistar,Nacional,N/A,Resto tecnologías,N/A,,,18482.91,
467,2024T3,Banda Ancha móvil,Tráfico - datos,Resto Operadores,Nacional,N/A,"4G/4,5G",N/A,,,38035.95,
468,2024T3,Banda Ancha móvil,Tráfico - datos,Resto Operadores,Nacional,N/A,Resto tecnologías,N/A,,,2417.87,
469,2024T3,Banda Ancha móvil,Tráfico - datos,Vodafone,Nacional,N/A,"4G/4,5G",N/A,,,517912.07,
470,2024T3,Banda Ancha móvil,Tráfico - datos,Vodafone,Nacional,N/A,5G,N/A,,,52427.77,
471,2024T3,Banda Ancha móvil,Tráfico - datos,Vodafone,Nacional,N/A,Resto tecnologías,N/A,,,2395.99,
472,2024T3,Red de distribución,Estaciones Base,MASORANGE,N/A,N/A,"4G/4,5G",N/A,,23309.0,,
473,2024T3,Red de distribución,Estaciones Base,MASORANGE,N/A,N/A,5G,N/A,,10999.0,,
474,2024T3,Red de distribución,Estaciones Base,MASORANGE,N/A,N/A,Resto tecnologías,N/A,,41125.0,,
475,2024T3,Red de distribución,Estaciones Base,Movistar,N/A,N/A,"4G/4,5G",N/A,,22276.0,,
476,2024T3,Red de distribución,Estaciones Base,Movistar,N/A,N/A,5G,N/A,,10580.0,,
477,2024T3,Red de distribución,Estaciones Base,Movistar,N/A,N/A,Resto tecnologías,N/A,,40342.0,,
478,2024T3,Red de distribución,Estaciones Base,Vodafone,N/A,N/A,"4G/4,5G",N/A,,19757.0,,
479,2024T3,Red de distribución,Estaciones Base,Vodafone,N/A,N/A,5G,N/A,,7364.0,,
480,2024T3,Red de distribución,Estaciones Base,Vodafone,N/A,N/A,Resto tecnologías,N/A,,29349.0,,
481,2024T3,Red de distribución,Nodos,MASORANGE,N/A,N/A,5G,2100 MHz,,,,3364.0
482,2024T3,Red de distribución,Nodos,MASORANGE,N/A,N/A,5G,"3,5 GHz",,,,2763.0
483,2024T3,Red de distribución,Nodos,MASORANGE,N/A,N/A,5G,700 MHz,,,,10029.0
484,2024T3,Red de distribución,Nodos,Movistar,N/A,N/A,5G,2100 MHz,,,,5109.0
485,2024T3,Red de distribución,Nodos,Movistar,N/A,N/A,5G,"3,5 GHz",,,,4612.0
486,2024T3,Red de distribución,Nodos,Movistar,N/A,N/A,5G,700 MHz,,,,8548.0
487,2024T3,Red de distribución,Nodos,Vodafone,N/A,N/A,5G,"3,5 GHz",,,,1738.0
488,2024T3,Red de distribución,Nodos,Vodafone,N/A,N/A,5G,700 MHz,,,,7041.0
489,2024T4,Banda Ancha móvil,Líneas,Digi,N/A,Pospago,"4G/4,5G",N/A,3317444.0,,,
490,2024T4,Banda Ancha móvil,Líneas,Digi,N/A,Pospago,5G,N/A,625791.0,,,
491,2024T4,Banda Ancha móvil,Líneas,Digi,N/A,Prepago,"4G/4,5G",N/A,1715937.0,,,
492,2024T4,Banda Ancha móvil,Líneas,Digi,N/A,Prepago,5G,N/A,323688.0,,,
493,2024T4,Banda Ancha móvil,Líneas,MASORANGE,N/A,Pospago,"4G/4,5G",N/A,19257566.0,,,
494,2024T4,Banda Ancha móvil,Líneas,MASORANGE,N/A,Pospago,5G,N/A,7647699.0,,,
495,2024T4,Banda Ancha móvil,Líneas,MASORANGE,N/A,Prepago,"4G/4,5G",N/A,3142794.0,,,
496,2024T4,Banda Ancha móvil,Líneas,MASORANGE,N/A,Prepago,5G,N/A,784831.0,,,
497,2024T4,Banda Ancha móvil,Líneas,Movistar,N/A,Pospago,"4G/4,5G",N/A,11022079.0,,,
498,2024T4,Banda Ancha móvil,Líneas,Movistar,N/A,Pospago,5G,N/A,5750742.0,,,
499,2024T4,Banda Ancha móvil,Líneas,Movistar,N/A,Prepago,"4G/4,5G",N/A,200523.0,,,
500,2024T4,Banda Ancha móvil,Líneas,Resto Operadores,N/A,Pospago,"4G/4,5G",N/A,1962942.0,,,
501,2024T4,Banda Ancha móvil,Líneas,Vodafone,N/A,Pospago,"4G/4,5G",N/A,8302853.0,,,
502,2024T4,Banda Ancha móvil,Líneas,Vodafone,N/A,Pospago,5G,N/A,3890590.0,,,
503,2024T4,Banda Ancha móvil,Líneas,Vodafone,N/A,Prepago,"4G/4,5G",N/A,1351813.0,,,
504,2024T4,Banda Ancha móvil,Líneas,Vodafone,N/A,Prepago,5G,N/A,966963.0,,,
505,2024T4,Banda Ancha móvil,Tráfico - datos,Digi,Nacional,N/A,"4G/4,5G",N/A,,,244129.08,
506,2024T4,Banda Ancha móvil,Tráfico - datos,Digi,Nacional,N/A,5G,N/A,,,46051.69,
507,2024T4,Banda Ancha móvil,Tráfico - datos,Digi,Nacional,N/A,Resto tecnologías,N/A,,,9236.18,
508,2024T4,Banda Ancha móvil,Tráfico - datos,MASORANGE,Nacional,N/A,"4G/4,5G",N/A,,,824524.81,
509,2024T4,Banda Ancha móvil,Tráfico - datos,MASORANGE,Nacional,N/A,5G,N/A,,,119224.74,
510,2024T4,Banda Ancha móvil,Tráfico - datos,MASORANGE,Nacional,N/A,Resto tecnologías,N/A,,,42481.02,
511,2024T4,Banda Ancha móvil,Tráfico - datos,Movistar,Nacional,N/A,"4G/4,5G",N/A,,,262571.82,
512,2024T4,Banda Ancha móvil,Tráfico - datos,Movistar,Nacional,N/A,5G,N/A,,,121285.48,
513,2024T4,Banda Ancha móvil,Tráfico - datos,Movistar,Nacional,N/A,Resto tecnologías,N/A,,,17449.86,
514,2024T4,Banda Ancha móvil,Tráfico - datos,Resto Operadores,Nacional,N/A,"4G/4,5G",N/A,,,59134.04,
515,2024T4,Banda Ancha móvil,Tráfico - datos,Resto Operadores,Nacional,N/A,Resto tecnologías,N/A,,,2338.96,
516,2024T4,Banda Ancha móvil,Tráfico - datos,Vodafone,Nacional,N/A,"4G/4,5G",N/A,,,451392.22,
517,2024T4,Banda Ancha móvil,Tráfico - datos,Vodafone,Nacional,N/A,5G,N/A,,,56037.61,
518,2024T4,Banda Ancha móvil,Tráfico - datos,Vodafone,Nacional,N/A,Resto tecnologías,N/A,,,803.69,
519,2024T4,Red de distribución,Estaciones Base,MASORANGE,N/A,N/A,"4G/4,5G",N/A,,21441.0,,
520,2024T4,Red de distribución,Estaciones Base,MASORANGE,N/A,N/A,5G,N/A,,11851.0,,
521,2024T4,Red de distribución,Estaciones Base,MASORANGE,N/A,N/A,Resto tecnologías,N/A,,39637.0,,
522,2024T4,Red de distribución,Estaciones Base,Movistar,N/A,N/A,"4G/4,5G",N/A,,22497.0,,
523,2024T4,Red de distribución,Estaciones Base,Movistar,N/A,N/A,5G,N/A,,11134.0,,
524,2024T4,Red de distribución,Estaciones Base,Movistar,N/A,N/A,Resto tecnologías,N/A,,40386.0,,
525,2024T4,Red de distribución,Estaciones Base,Vodafone,N/A,N/A,"4G/4,5G",N/A,,19924.0,,
526,2024T4,Red de distribución,Estaciones Base,Vodafone,N/A,N/A,5G,N/A,,8022.0,,
527,2024T4,Red de distribución,Estaciones Base,Vodafone,N/A,N/A,Resto tecnologías,N/A,,19551.0,,
528,2024T4,Red de distribución,Nodos,MASORANGE,N/A,N/A,5G,2100 MHz,,,,3363.0
529,2024T4,Red de distribución,Nodos,MASORANGE,N/A,N/A,5G,"3,5 GHz",,,,3749.0
530,2024T4,Red de distribución,Nodos,MASORANGE,N/A,N/A,5G,700 MHz,,,,11054.0
531,2024T4,Red de distribución,Nodos,Movistar,N/A,N/A,5G,2100 MHz,,,,5118.0
532,2024T4,Red de distribución,Nodos,Movistar,N/A,N/A,5G,"3,5 GHz",,,,5023.0
533,2024T4,Red de distribución,Nodos,Movistar,N/A,N/A,5G,700 MHz,,,,9267.0
534,2024T4,Red de distribución,Nodos,Vodafone,N/A,N/A,5G,"3,5 GHz",,,,1862.0
535,2024T4,Red de distribución,Nodos,Vodafone,N/A,N/A,5G,700 MHz,,,,7729.0
536,2025T1,Banda Ancha móvil,Líneas,Digi,N/A,Pospago,"4G/4,5G",N/A,3536330.0,,,
537,2025T1,Banda Ancha móvil,Líneas,Digi,N/A,Pospago,5G,N/A,727220.0,,,
538,2025T1,Banda Ancha móvil,Líneas,Digi,N/A,Prepago,"4G/4,5G",N/A,1729553.0,,,
539,2025T1,Banda Ancha móvil,Líneas,Digi,N/A,Prepago,5G,N/A,355669.0,,,
540,2025T1,Banda Ancha móvil,Líneas,MASORANGE,N/A,Pospago,"4G/4,5G",N/A,19499069.0,,,
541,2025T1,Banda Ancha móvil,Líneas,MASORANGE,N/A,Pospago,5G,N/A,8053129.0,,,
542,2025T1,Banda Ancha móvil,Líneas,MASORANGE,N/A,Prepago,"4G/4,5G",N/A,3031761.0,,,
543,2025T1,Banda Ancha móvil,Líneas,MASORANGE,N/A,Prepago,5G,N/A,860198.0,,,
544,2025T1,Banda Ancha móvil,Líneas,Movistar,N/A,Pospago,"4G/4,5G",N/A,11150255.0,,,
545,2025T1,Banda Ancha móvil,Líneas,Movistar,N/A,Pospago,5G,N/A,6141446.0,,,
546,2025T1,Banda Ancha móvil,Líneas,Movistar,N/A,Prepago,"4G/4,5G",N/A,208908.0,,,
547,2025T1,Banda Ancha móvil,Líneas,Resto Operadores,N/A,Pospago,"4G/4,5G",N/A,1906475.0,,,
548,2025T1,Banda Ancha móvil,Líneas,Resto Operadores,N/A,Pospago,5G,N/A,110718.0,,,
549,2025T1,Banda Ancha móvil,Líneas,Vodafone,N/A,Pospago,"4G/4,5G",N/A,8391820.0,,,
550,2025T1,Banda Ancha móvil,Líneas,Vodafone,N/A,Pospago,5G,N/A,4083932.0,,,
551,2025T1,Banda Ancha móvil,Líneas,Vodafone,N/A,Prepago,"4G/4,5G",N/A,1238767.0,,,
552,2025T1,Banda Ancha móvil,Líneas,Vodafone,N/A,Prepago,5G,N/A,956795.0,,,
553,2025T1,Banda Ancha móvil,Tráfico - datos,Digi,Nacional,N/A,"4G/4,5G",N/A,,,266428.42,
554,2025T1,Banda Ancha móvil,Tráfico - datos,Digi,Nacional,N/A,5G,N/A,,,54788.98,
555,2025T1,Banda Ancha móvil,Tráfico - datos,Digi,Nacional,N/A,Resto tecnologías,N/A,,,8994.31,
556,2025T1,Banda Ancha móvil,Tráfico - datos,MASORANGE,Nacional,N/A,"4G/4,5G",N/A,,,825086.17,
557,2025T1,Banda Ancha móvil,Tráfico - datos,MASORANGE,Nacional,N/A,5G,N/A,,,148584.91,
558,2025T1,Banda Ancha móvil,Tráfico - datos,MASORANGE,Nacional,N/A,Resto tecnologías,N/A,,,15538.55,
559,2025T1,Banda Ancha móvil,Tráfico - datos,Movistar,Nacional,N/A,"4G/4,5G",N/A,,,239542.2,
560,2025T1,Banda Ancha móvil,Tráfico - datos,Movistar,Nacional,N/A,5G,N/A,,,135826.42,
561,2025T1,Banda Ancha móvil,Tráfico - datos,Movistar,Nacional,N/A,Resto tecnologías,N/A,,,17872.44,
562,2025T1,Banda Ancha móvil,Tráfico - datos,Resto Operadores,Nacional,N/A,"4G/4,5G",N/A,,,58165.58,
563,2025T1,Banda Ancha móvil,Tráfico - datos,Resto Operadores,Nacional,N/A,5G,N/A,,,276.35,
564,2025T1,Banda Ancha móvil,Tráfico - datos,Resto Operadores,Nacional,N/A,Resto tecnologías,N/A,,,2506.69,
565,2025T1,Banda Ancha móvil,Tráfico - datos,Vodafone,Nacional,N/A,"4G/4,5G",N/A,,,455754.05,
566,2025T1,Banda Ancha móvil,Tráfico - datos,Vodafone,Nacional,N/A,5G,N/A,,,62746.83,
567,2025T1,Banda Ancha móvil,Tráfico - datos,Vodafone,Nacional,N/A,Resto tecnologías,N/A,,,412.58,
568,2025T1,Red de distribución,Estaciones Base,MASORANGE,N/A,N/A,"4G/4,5G",N/A,,21483.0,,
569,2025T1,Red de distribución,Estaciones Base,MASORANGE,N/A,N/A,5G,N/A,,12188.0,,
570,2025T1,Red de distribución,Estaciones Base,MASORANGE,N/A,N/A,Resto tecnologías,N/A,,39696.0,,
571,2025T1,Red de distribución,Estaciones Base,Movistar,N/A,N/A,"4G/4,5G",N/A,,24791.0,,
572,2025T1,Red de distribución,Estaciones Base,Movistar,N/A,N/A,5G,N/A,,14098.0,,
573,2025T1,Red de distribución,Estaciones Base,Movistar,N/A,N/A,Resto tecnologías,N/A,,41758.0,,
574,2025T1,Red de distribución,Estaciones Base,Vodafone,N/A,N/A,"4G/4,5G",N/A,,20277.0,,
575,2025T1,Red de distribución,Estaciones Base,Vodafone,N/A,N/A,5G,N/A,,9130.0,,
576,2025T1,Red de distribución,Estaciones Base,Vodafone,N/A,N/A,Resto tecnologías,N/A,,19360.0,,
577,2025T1,Red de distribución,Nodos,MASORANGE,N/A,N/A,5G,2100 MHz,,,,3359.0
578,2025T1,Red de distribución,Nodos,MASORANGE,N/A,N/A,5G,"3,5 GHz",,,,4246.0
579,2025T1,Red de distribución,Nodos,MASORANGE,N/A,N/A,5G,700 MHz,,,,11416.0
580,2025T1,Red de distribución,Nodos,Movistar,N/A,N/A,5G,2100 MHz,,,,5181.0
581,2025T1,Red de distribución,Nodos,Movistar,N/A,N/A,5G,"3,5 GHz",,,,7145.0
582,2025T1,Red de distribución,Nodos,Movistar,N/A,N/A,5G,700 MHz,,,,11246.0
583,2025T1,Red de distribución,Nodos,Vodafone,N/A,N/A,5G,"3,5 GHz",,,,2299.0
584,2025T1,Red de distribución,Nodos,Vodafone,N/A,N/A,5G,700 MHz,,,,8892.0
